{
  "bomFormat": "CycloneDX",
  "specVersion": "1.4",
  "serialNumber": "urn:uuid:omega9-strict-2025-11-13",
  "version": 1,
  "metadata": {
    "timestamp": "2025-11-13T10:00:00Z",
    "tools": [
      {
        "vendor": "Institut🦋 IA Inc.",
        "name": "Loi du Vivant Ω⁹-Strict",
        "version": "1.1.0"
      }
    ],
    "authors": [
      {
        "name": "Frédéric Tabary",
        "email": "Tabary01@gmail.com"
      }
    ],
    "licenses": [
      {
        "license": {
          "id": "CC-BY-4.0"
        }
      }
    ]
  },
  "components": [
    {
      "type": "library",
      "name": "numpy",
      "version": "1.26.0",
      "description": "Calculs numériques",
      "licenses": [{"license": {"id": "BSD-3-Clause"}}]
    },
    {
      "type": "library",
      "name": "scipy",
      "version": "1.12.0",
      "description": "Statistiques (pearsonr)",
      "licenses": [{"license": {"id": "BSD-3-Clause"}}]
    },
    {
      "type": "library",
      "name": "pandas",
      "version": "2.2.0",
      "description": "Manipulation données",
      "licenses": [{"license": {"id": "BSD-3-Clause"}}]
    },
    {
      "type": "library",
      "name": "matplotlib",
      "version": "3.8.0",
      "description": "Visualisation (optionnel)",
      "licenses": [{"license": {"id": "PSF"}}]
    },
    {
      "type": "library",
      "name": "python",
      "version": "3.11",
      "description": "Runtime",
      "licenses": [{"license": {"id": "PSF-2.0"}}]
    }
  ]
}
